{
  "type": "minecraft:smithing",
  "base": {
    "item": "minecraft:yellow_wool"
  },
  "addition": {
    "item": "minecraft:redstone"
  },
  "result": {
    "item": "minecraft:carved_pumpkin",
    "data": {
      "display": {
        "Name": "{\"text\":\"Jolteon Stuffy\",\"italic\":false,\"color\":\"aqua\"}",
        "Lore": [
          "{\"text\":\"DO NOT PLACE\",\"bold\":true,\"color\":\"dark_red\",\"italic\":false}",
          "{\"text\":\"'It accumulates negative ions\",\"color\":\"gray\"}",
          "{\"text\":\"in the atmosphere to blast out'\",\"color\":\"gray\"}",
          "{\"text\":\"10000-volt lightning bolts.'\",\"color\":\"gray\"}",
          "{\"text\":\"\"}",
          "{\"text\":\"When on Head:\",\"color\":\"gray\",\"italic\":false}",
          "{\"text\":\"+1 Armor\",\"color\":\"blue\",\"italic\":false}",
          "{\"text\":\"[SF] Hats N' Helms\",\"color\":\"blue\"}"
        ]
      },
      "HideFlags": 127,
      "CustomModelData": 32776,
      "AttributeModifiers": [
        {
          "Slot": "head",
          "AttributeName": "minecraft:generic.armor",
          "Operation": 0,
          "UUID": [-1918759329, -1188216419, -1568270089, 1687095838],
          "Amount": 1
        }
      ],
      "DataTag": {
        "PackID": "sf:hats_n_helms",
        "id": "hnh:jolteon"
      }
    }
  }
}
