{
    "__comment": "Made with TheDestruc7i0n's advancements generator: https://advancements.thedestruc7i0n.ca",
    "display": {
        "title": {
            "text": "Catch Sylveon"
        },
        "description": {
            "text": "Craft the Sylveon stuffy",
            "color": "light_purple"
        },
        "icon": {
            "item": "minecraft:carved_pumpkin",
            "nbt": "{CustomModelData:42701}"
        },
        "frame": "task",
        "show_toast": true,
        "announce_to_chat": true,
        "hidden": false
    },
    "criteria": {
        "get_carved_pumpkin": {
            "trigger": "minecraft:inventory_changed",
            "conditions": {
                "items": [
                    {
                        "count": {
                            "min": 1,
                            "max": 1
                        },
                        "item": "minecraft:carved_pumpkin",
                        "nbt": "{CustomModelData:42701}"
                    }
                ]
            }
        }
    },
    "requirements": [
        [
            "get_carved_pumpkin"
        ]
    ],
    "parent": "stuffys:catch_vaporeon"
}