{
  "type": "minecraft:smithing_transform",
  "base": {
    "item": "minecraft:pink_wool"
  },
  "addition": {
    "item": "minecraft:cherry_leaves"
  },
  "template": {
      "item": "minecraft:carved_pumpkin",
      "nbt": "{CustomModelData:42705}"
  },
  "result": {
    "item": "minecraft:carved_pumpkin",
    "data": {
      "display": {
        "Name": {
          "text": "Sylveon Stuffy",
          "italic": "false",
          "color": "light_purple",
          "nbtcrafting:stringify": true
        },
        "Lore": [
          {
            "text": "Legendary",
            "color": "gold",
            "nbtcrafting:stringify": true
          },
          {
            "text": "Equipable",
            "italic": "false",
            "color": "gold",
            "nbtcrafting:stringify": true
          },
          {
            "text": "DO NOT PLACE",
            "bold": "true",
            "color": "dark_red",
            "italic": "false",
            "nbtcrafting:stringify": true
          },
          {
            "text": "'Sylveon wraps its ribbonlike feelers",
            "color": "gray",
            "italic": "true",
            "nbtcrafting:stringify": true
          },
          {
            "text": "around its Trainers arm because this",
            "color": "gray",
            "italic": "true",
            "nbtcrafting:stringify": true
          },
          {
            "text": "touch enables it to read its Trainers feelings.'",
            "color": "gray",
            "italic": "true",
            "nbtcrafting:stringify": true
          },
          {
            "text": "",
            "nbtcrafting:stringify": true
          },
          {
            "text": "When on Head:",
            "color": "gray",
            "italic": "false",
            "nbtcrafting:stringify": true
          },
          {
            "text": "+1 Armor",
            "color": "blue",
            "italic": "false",
            "nbtcrafting:stringify": true
          },
          {
            "text": "ShatterFalls Hats 'N Helms",
            "color": "blue",
            "nbtcrafting:stringify": true
          }
        ]
      },
      "HideFlags": 127,
      "CustomModelData": 42701,
      "AttributeModifiers": [
        {
          "Slot": "head",
          "AttributeName": "minecraft:generic.armor",
          "Operation": 0,
          "UUID": [834516327, -2035079094, -1919604092, -1804883120],
          "Amount": 1
        }
      ],
      "DataTag": {
        "id": "hats_n_helms:sylveon_stuffy",
        "PackID": "shatterfalls:hats_n_helms"
      }
    }
  }
}
