{
    "__comment": "Made with TheDestruc7i0n's advancements generator: https://advancements.thedestruc7i0n.ca",
    "display": {
        "title": {
            "text": "You Caught Eevee!",
            "bold": false,
            "italic": false
        },
        "description": {
            "text": "Craft the Eevee stuffy",
            "color": "#964B00"
        },
        "icon": {
            "item": "minecraft:carved_pumpkin",
            "nbt": "{CustomModelData:42705}"
        },
        "frame": "task",
        "show_toast": true,
        "announce_to_chat": true,
        "hidden": false,
        "background": "minecraft:textures/gui/advancements/backgrounds/stone.png"
    },
    "requirements": [
        [
            "get_carved_pumpkin"
        ]
    ],
    "criteria": {
        "get_carved_pumpkin": {
            "trigger": "minecraft:inventory_changed",
            "conditions": {
                "items": [
                    {
                        "count": {
                            "min": 1,
                            "max": 1
                        },
                        "item": "minecraft:carved_pumpkin",
                        "nbt": "{CustomModelData:42705}"
                    }
                ]
            }
        }
    }
}